,original_show,original_wikiurl,remake_show,remake_wikiurl,original_country,remake_country,original_imdburl,remake_imdburl,original_imdb-score,original_imdb-nvotes,original_imdb-nseasons,remake_imdb-score,remake_imdb-nvotes,remake_imdb-nseasons
0,Agony,https://en.wikipedia.org/wiki/Agony_(TV_series),The Lucie Arnaz Show,https://en.wikipedia.org/wiki/The_Lucie_Arnaz_Show,United Kingdom,United States,{'https://www.imdb.com/title/tt0078559/'},{'https://www.imdb.com/title/tt0088556/'},7.2,117.0,3.0,5.7,25.0,1.0
1,Airline,https://en.wikipedia.org/wiki/Airline_(1998_TV_series),Airline,https://en.wikipedia.org/wiki/Airline_(U.S._TV_series),United Kingdom,United States,"{'https://www.imdb.com/title/tt7254516/', 'https://www.imdb.com/title/tt0426641/'}",{'https://www.imdb.com/title/tt0395378/'},7.8,93.0,6.0,7.3,200.0,3.0
2,As If,https://en.wikipedia.org/wiki/As_If_(UK_TV_series),As If,https://en.wikipedia.org/wiki/As_If_(U.S._TV_series),United Kingdom,United States,{'https://www.imdb.com/title/tt0275821/'},{'https://www.imdb.com/title/tt0313034/'},8.2,820.0,4.0,8.1,84.0,1.0
3,BeTipul,https://en.wikipedia.org/wiki/BeTipul,In Treatment,https://en.wikipedia.org/wiki/In_Treatment_(U.S._TV_series),Israel,United States,{'https://www.imdb.com/title/tt0466345/'},{'https://www.imdb.com/title/tt0835434/'},8.3,301.0,2.0,8.2,16264.0,4.0
4,Being Human,https://en.wikipedia.org/wiki/Being_Human_(UK_TV_series),Being Human,https://en.wikipedia.org/wiki/Being_Human_(North_American_TV_series),United Kingdom,United States,{'https://www.imdb.com/title/tt1349938/'},{'https://www.imdb.com/title/tt1595680/'},7.8,24284.0,5.0,7.5,24592.0,4.0
5,Birds of a Feather,https://en.wikipedia.org/wiki/Birds_of_a_Feather_(TV_series),Stand by Your Man,https://en.wikipedia.org/wiki/Stand_by_Your_Man_(TV_series),United Kingdom,United States,{'https://www.imdb.com/title/tt0096545/'},{'https://www.imdb.com/title/tt0103557/'},6.2,1909.0,12.0,6.3,36.0,1.0
6,Blackpool,https://en.wikipedia.org/wiki/Blackpool_(TV_serial),Viva Laughlin!,https://en.wikipedia.org/wiki/Viva_Laughlin,United Kingdom,United States,"{'https://www.imdb.com/title/tt0817526/', 'https://www.imdb.com/title/tt0408375/'}",{'https://www.imdb.com/title/tt0878801/'},7.3,1175.5,,3.2,524.0,1.0
7,Broadchurch,https://en.wikipedia.org/wiki/Broadchurch,Gracepoint,https://en.wikipedia.org/wiki/Gracepoint,United Kingdom,United States,{'https://www.imdb.com/title/tt2249364/'},{'https://www.imdb.com/title/tt3435532/'},8.4,100082.0,3.0,7.1,5902.0,1.0
8,Cash Cab,https://en.wikipedia.org/wiki/Cash_Cab_(UK_game_show),Cash Cab,https://en.wikipedia.org/wiki/Cash_Cab_(American_game_show),United Kingdom,United States,{'https://www.imdb.com/title/tt0465321/'},{'https://www.imdb.com/title/tt0790825/'},7.3,156.0,1.0,7.1,2658.0,14.0
9,Choujinki MetalderDimensional Warrior SpielbanSpace Sheriff Shaider,https://en.wikipedia.org/wiki/Choujinki_Metalder,VR Troopers,https://en.wikipedia.org/wiki/VR_Troopers,Japan,United States,{'https://www.imdb.com/title/tt0161168/'},{'https://www.imdb.com/title/tt0108978/'},8.1,77.0,1.0,5.8,957.0,2.0
10,Cold Feet,https://en.wikipedia.org/wiki/Cold_Feet,Cold Feet,https://en.wikipedia.org/wiki/Cold_Feet_(U.S._TV_series),United Kingdom,United States,{'https://www.imdb.com/title/tt0168596/'},{'https://www.imdb.com/title/tt0209582/'},8.2,4058.0,9.0,7.5,54.0,1.0
11,Como Aproveitar o Fim do Mundo,https://en.wikipedia.org/wiki/Como_Aproveitar_o_Fim_do_Mundo,No Tomorrow,https://en.wikipedia.org/wiki/No_Tomorrow_(TV_series),Brazil,United States,{'https://www.imdb.com/title/tt2607288/'},{'https://www.imdb.com/title/tt5595688/'},6.9,53.0,1.0,7.3,4854.0,1.0
12,Coupling,https://en.wikipedia.org/wiki/Coupling_(UK_TV_series),Coupling,https://en.wikipedia.org/wiki/Coupling_(U.S._TV_series),United Kingdom,United States,{'https://www.imdb.com/title/tt0237123/'},"{'https://www.imdb.com/title/tt0338592/', 'https://www.imdb.com/title/tt0549677/'}",8.5,43560.0,4.0,3.6,1016.0,1.0
13,Cracker,https://en.wikipedia.org/wiki/Cracker_(UK_TV_series),Cracker,https://en.wikipedia.org/wiki/Cracker_(U.S._TV_series),United Kingdom,United States,"{'https://www.imdb.com/title/tt0495027/', 'https://www.imdb.com/title/tt0105977/'}",{'https://www.imdb.com/title/tt0118290/'},8.1,3777.0,,6.1,356.0,1.0
14,Da Ali G Show,https://en.wikipedia.org/wiki/Da_Ali_G_Show,Da Ali G Show,https://en.wikipedia.org/wiki/Da_Ali_G_Show,United Kingdom,United States,"{'https://www.imdb.com/title/tt0367274/', 'https://www.imdb.com/title/tt0241088/'}","{'https://www.imdb.com/title/tt0367274/', 'https://www.imdb.com/title/tt0241088/'}",7.9,16607.0,3.0,7.9,16607.0,3.0
15,Dad's Army,https://en.wikipedia.org/wiki/Dad%27s_Army,The Rear Guard,https://en.wikipedia.org/wiki/The_Rear_Guard,United Kingdom,United States,"{'https://www.imdb.com/title/tt0062552/', 'https://www.imdb.com/title/tt0651160/', 'https://www.imdb.com/title/tt0308798/'}",{'https://www.imdb.com/title/tt0308798/'},8.1,5824.0,9.0,4.2,21.0,
16,Dancing on Ice,https://en.wikipedia.org/wiki/Dancing_on_Ice,Skating with the Stars,https://en.wikipedia.org/wiki/Skating_with_the_Stars,United Kingdom,United States,{'https://www.imdb.com/title/tt0499383/'},{'https://www.imdb.com/title/tt1760165/'},4.6,440.0,13.0,3.7,75.0,1.0
17,De Mol,https://en.wikipedia.org/wiki/De_Mol_(TV_series),The Mole,https://en.wikipedia.org/wiki/The_Mole_(American_TV_series),Belgium,United States,{'https://www.imdb.com/title/tt0236911/'},{'https://www.imdb.com/title/tt0270792/'},8.7,704.0,9.0,7.5,992.0,5.0
18,Dear John,https://en.wikipedia.org/wiki/Dear_John_(UK_TV_series),Dear John,https://en.wikipedia.org/wiki/Dear_John_(U.S._TV_series),United Kingdom,United States,{'https://www.imdb.com/title/tt0090416/'},{'https://www.imdb.com/title/tt0094447/'},7.6,418.0,2.0,6.8,1396.0,4.0
19,Dog Eat Dog,https://en.wikipedia.org/wiki/Dog_Eat_Dog_(game_show),Dog Eat Dog,https://en.wikipedia.org/wiki/Dog_Eat_Dog_(U.S._game_show),United Kingdom,United States,{'https://www.imdb.com/title/tt0327278/'},{'https://www.imdb.com/title/tt0313984/'},5.6,10.0,2.0,6.0,349.0,2.0
20,Eleventh Hour,https://en.wikipedia.org/wiki/Eleventh_Hour_(UK_TV_series),Eleventh Hour,https://en.wikipedia.org/wiki/Eleventh_Hour_(U.S._TV_series),United Kingdom,United States,{'https://www.imdb.com/title/tt0462097/'},{'https://www.imdb.com/title/tt1118697/'},6.9,681.0,1.0,7.3,3966.0,1.0
21,Ex on the Beach,https://en.wikipedia.org/wiki/Ex_on_the_Beach_(British_TV_series),Ex on the Beach,https://en.wikipedia.org/wiki/Ex_on_the_Beach_(American_TV_series),United Kingdom,United States,{'https://www.imdb.com/title/tt3522052/'},{'https://www.imdb.com/title/tt8285922/'},4.7,1157.0,10.0,4.9,378.0,3.0
22,Expedition Robinson,https://en.wikipedia.org/wiki/Expedition_Robinson,Survivor,https://en.wikipedia.org/wiki/Survivor_(American_TV_series),Sweden,United States,{'https://www.imdb.com/title/tt0264245/'},{'https://www.imdb.com/title/tt0239195/'},6.5,193.0,19.0,7.2,22454.0,41.0
23,Fawlty Towers,https://en.wikipedia.org/wiki/Fawlty_Towers,Payne,https://en.wikipedia.org/wiki/Payne_(TV_series),United Kingdom,United States,"{'https://www.imdb.com/title/tt4014196/', 'https://www.imdb.com/title/tt0072500/'}",{'https://www.imdb.com/title/tt0182623/'},8.7,86958.0,2.0,3.9,88.0,1.0
24,Fawlty Towers,https://en.wikipedia.org/wiki/Fawlty_Towers,Amanda's,https://en.wikipedia.org/wiki/Amanda%27s,United Kingdom,United States,"{'https://www.imdb.com/title/tt4014196/', 'https://www.imdb.com/title/tt0072500/'}",{'https://www.imdb.com/title/tt0084973/'},8.7,86958.0,2.0,5.9,84.0,1.0
25,Forbrydelsen,https://en.wikipedia.org/wiki/The_Killing_(Danish_TV_series),The Killing,https://en.wikipedia.org/wiki/The_Killing_(U.S._TV_series),Denmark,United States,"{'https://www.imdb.com/title/tt1779605/', 'https://www.imdb.com/title/tt0826760/'}",{'https://www.imdb.com/title/tt1637727/'},8.4,25166.0,3.0,8.2,101875.0,4.0
26,Free Agents,https://en.wikipedia.org/wiki/Free_Agents,Free Agents,https://en.wikipedia.org/wiki/Free_Agents_(U.S._TV_series),United Kingdom,United States,{'https://www.imdb.com/title/tt1330768/'},{'https://www.imdb.com/title/tt1839481/'},7.0,356.0,1.0,5.6,1395.0,1.0
27,Gavin & Stacey,https://en.wikipedia.org/wiki/Gavin_%26_Stacey,Us & Them,https://en.wikipedia.org/wiki/Us_%26_Them,United Kingdom,United States,{'https://www.imdb.com/title/tt0908454/'},{'https://www.imdb.com/title/tt2709698/'},8.1,17608.0,3.0,5.6,228.0,1.0
28,George and Mildred,https://en.wikipedia.org/wiki/George_and_Mildred,The Ropers,https://en.wikipedia.org/wiki/The_Ropers,United Kingdom,United States,{'https://www.imdb.com/title/tt0073995/'},{'https://www.imdb.com/title/tt0078679/'},7.1,1329.0,5.0,5.9,872.0,2.0
29,Getting On,https://en.wikipedia.org/wiki/Getting_On_(UK_TV_series),Getting On,https://en.wikipedia.org/wiki/Getting_On_(U.S._TV_series),United Kingdom,United States,{'https://www.imdb.com/title/tt1468773/'},{'https://www.imdb.com/title/tt2342652/'},8.1,1206.0,3.0,7.8,3240.0,3.0
30,Gogglebox,https://en.wikipedia.org/wiki/Gogglebox,The People's Couch,https://en.wikipedia.org/wiki/The_People%27s_Couch,United Kingdom,United States,{'https://www.imdb.com/title/tt2762330/'},{'https://www.imdb.com/title/tt3221558/'},7.5,2094.0,17.0,8.5,320.0,4.0
31,Good Doctor,https://en.wikipedia.org/wiki/Good_Doctor_(South_Korean_TV_series),The Good Doctor,https://en.wikipedia.org/wiki/The_Good_Doctor_(TV_series),South Korea,United States,{'https://www.imdb.com/title/tt3184708/'},{'https://www.imdb.com/title/tt6470478/'},8.1,1547.0,1.0,8.1,69065.0,5.0
32,Gran Hotel,https://en.wikipedia.org/wiki/Gran_Hotel_(TV_series),Grand Hotel,https://en.wikipedia.org/wiki/Grand_Hotel_(U.S._TV_series),Spain,United States,{'https://www.imdb.com/title/tt2006421/'},{'https://www.imdb.com/title/tt7671068/'},8.4,9721.0,3.0,7.1,3124.0,1.0
33,Hell's Kitchen,https://en.wikipedia.org/wiki/Hell%27s_Kitchen_(UK_TV_series),Hell's Kitchen,https://en.wikipedia.org/wiki/Hell%27s_Kitchen_(U.S._TV_series),United Kingdom,United States,{'https://www.imdb.com/title/tt0412137/'},{'https://www.imdb.com/title/tt0437005/'},7.0,996.0,4.0,7.1,19262.0,20.0
34,Holding the Baby,https://en.wikipedia.org/wiki/Holding_the_Baby_(UK_TV_series),Holding the Baby,https://en.wikipedia.org/wiki/Holding_the_Baby_(U.S._TV_series),United Kingdom,United States,{'https://www.imdb.com/title/tt0118341/'},{'https://www.imdb.com/title/tt0165576/'},6.1,19.0,2.0,4.6,18.0,1.0
35,Home to Roost,https://en.wikipedia.org/wiki/Home_to_Roost,You Again?,https://en.wikipedia.org/wiki/You_Again%3F,United Kingdom,United States,{'https://www.imdb.com/title/tt0088537/'},{'https://www.imdb.com/title/tt0090550/'},6.7,253.0,4.0,6.7,95.0,2.0
36,Hostages,https://en.wikipedia.org/wiki/Hostages_(Israeli_TV_series),Hostages,https://en.wikipedia.org/wiki/Hostages_(U.S._TV_series),Israel,United States,{'https://www.imdb.com/title/tt3242480/'},{'https://www.imdb.com/title/tt2647258/'},7.6,1605.0,2.0,6.7,9674.0,1.0
37,House of Cards,https://en.wikipedia.org/wiki/House_of_Cards_(UK_TV_series),House of Cards,https://en.wikipedia.org/wiki/House_of_Cards_(U.S._TV_series),United Kingdom,United States,{'https://www.imdb.com/title/tt0098825/'},{'https://www.imdb.com/title/tt1856010/'},8.5,13486.0,1.0,8.7,475450.0,6.0
38,Hunted,https://en.wikipedia.org/wiki/Hunted_(2015_TV_series),Hunted,https://en.wikipedia.org/wiki/Hunted_(2017_TV_series),United Kingdom,United States,{'https://www.imdb.com/title/tt5038678/'},{'https://www.imdb.com/title/tt6340730/'},7.4,450.0,6.0,6.6,593.0,1.0
39,I'm a Celebrity...Get Me Out of Here!,https://en.wikipedia.org/wiki/I%27m_a_Celebrity...Get_Me_Out_of_Here!_(UK_TV_series),I'm a Celebrity... Get Me Out of Here!,https://en.wikipedia.org/wiki/I%27m_a_Celebrity...Get_Me_Out_of_Here!_(American_TV_series),United Kingdom,United States,{'https://www.imdb.com/title/tt0338616/'},{'https://www.imdb.com/title/tt0355096/'},5.8,2783.0,20.0,3.4,999.0,2.0
40,Iron Chef,https://en.wikipedia.org/wiki/Iron_Chef,Iron Chef America,https://en.wikipedia.org/wiki/Iron_Chef_America,Japan,United States,{'https://www.imdb.com/title/tt0220265/'},{'https://www.imdb.com/title/tt0441718/'},8.5,1091.0,7.0,7.1,1897.0,13.0
41,Juana la virgen,https://en.wikipedia.org/wiki/Juana_la_virgen,Jane the Virgin,https://en.wikipedia.org/wiki/Jane_the_Virgin,Venezuela,United States,{'https://www.imdb.com/title/tt0312151/'},"{'https://www.imdb.com/title/tt3566726/', 'https://www.imdb.com/title/tt12485636/'}",6.1,132.0,1.0,7.15,20707.5,
42,Juukou B-FighterB-Fighter Kabuto,https://en.wikipedia.org/wiki/Juukou_B-Fighter,Big Bad Beetleborgs,https://en.wikipedia.org/wiki/Big_Bad_Beetleborgs,Japan,United States,{'https://www.imdb.com/title/tt0185789/'},"{'https://www.imdb.com/title/tt0115674/', 'https://www.imdb.com/title/tt0126144/'}",8.4,9.0,1.0,6.4,1197.0,2.0
43,Kath & Kim,https://en.wikipedia.org/wiki/Kath_%26_Kim_(Australian_TV_series),Kath & Kim,https://en.wikipedia.org/wiki/Kath_%26_Kim_(U.S._TV_series),Australia,United States,{'https://www.imdb.com/title/tt0272397/'},"{'https://www.imdb.com/title/tt1254674/', 'https://www.imdb.com/title/tt0948539/'}",8.3,3590.0,4.0,4.9,2055.0,1.0
44,Keep it in the Family,https://en.wikipedia.org/wiki/Keep_It_in_the_Family_(1980_TV_series),Too Close for Comfort,https://en.wikipedia.org/wiki/Too_Close_for_Comfort,United Kingdom,United States,{'https://www.imdb.com/title/tt0080236/'},{'https://www.imdb.com/title/tt0080299/'},7.5,81.0,5.0,6.5,1904.0,6.0
45,King of Mask Singer,https://en.wikipedia.org/wiki/King_of_Mask_Singer,The Masked Singer,https://en.wikipedia.org/wiki/The_Masked_Singer_(U.S._TV_series),South Korea,United States,{'https://www.imdb.com/title/tt6289510/'},{'https://www.imdb.com/title/tt7670568/'},6.9,39.0,1.0,6.1,3273.0,6.0
46,Life on Mars,https://en.wikipedia.org/wiki/Life_on_Mars_(UK_TV_series),Life on Mars,https://en.wikipedia.org/wiki/Life_on_Mars_(U.S._TV_series),United Kingdom,United States,{'https://www.imdb.com/title/tt0478942/'},{'https://www.imdb.com/title/tt0787490/'},8.3,29403.0,2.0,7.4,9905.0,1.0
47,Little Britain,https://en.wikipedia.org/wiki/Little_Britain,Little Britain USA,https://en.wikipedia.org/wiki/Little_Britain_USA,United Kingdom,United States,{'https://www.imdb.com/title/tt0358856/'},{'https://www.imdb.com/title/tt0936458/'},7.6,22491.0,4.0,7.6,6191.0,1.0
48,MasterChef,https://en.wikipedia.org/wiki/MasterChef_(UK_TV_series),MasterChef,https://en.wikipedia.org/wiki/MasterChef_(U.S._TV_series),United Kingdom,United States,"{'https://www.imdb.com/title/tt0870973/', 'https://www.imdb.com/title/tt0805418/'}",{'https://www.imdb.com/title/tt1694423/'},6.199999999999999,595.5,16.0,7.3,7921.0,11.0
49,Men Behaving Badly,https://en.wikipedia.org/wiki/Men_Behaving_Badly,Men Behaving Badly,https://en.wikipedia.org/wiki/Men_Behaving_Badly_(U.S._TV_series),United Kingdom,United States,{'https://www.imdb.com/title/tt0101143/'},{'https://www.imdb.com/title/tt0115265/'},7.7,7495.0,7.0,6.3,745.0,2.0
50,Miljoenenjacht,https://en.wikipedia.org/wiki/Miljoenenjacht_(Netherlands),Deal or No Deal,https://en.wikipedia.org/wiki/Deal_or_No_Deal,Netherlands,United States,{'https://www.imdb.com/title/tt0391664/'},{'https://www.imdb.com/title/tt0493378/'},6.0,24.0,36.0,5.0,3702.0,5.0
51,Million Dollar Wheel of Fortune,https://en.wikipedia.org/wiki/Wheel_of_Fortune_(Australian_game_show),Wheel of Fortune (U.S. game show),https://en.wikipedia.org/wiki/Wheel_of_Fortune_(U.S._game_show),Australia,United States,"{'https://www.imdb.com/title/tt0080304/', 'https://www.imdb.com/title/tt1222527/'}",{'https://www.imdb.com/title/tt0072584/'},6.800000000000001,42.5,13.0,6.7,2772.0,38.0
52,Mind Your Language,https://en.wikipedia.org/wiki/Mind_Your_Language,What a Country!,https://en.wikipedia.org/wiki/What_a_Country!,United Kingdom,United States,{'https://www.imdb.com/title/tt0075537/'},{'https://www.imdb.com/title/tt0090543/'},8.7,8161.0,4.0,6.3,40.0,1.0
53,Miranda,https://en.wikipedia.org/wiki/Miranda_(TV_series),Call Me Kat,https://en.wikipedia.org/wiki/Call_Me_Kat,United Kingdom,United States,{'https://www.imdb.com/title/tt1533435/'},{'https://www.imdb.com/title/tt10985096/'},8.2,13863.0,4.0,5.0,4220.0,2.0
54,Mistresses,https://en.wikipedia.org/wiki/Mistresses_(UK_TV_series),Mistresses,https://en.wikipedia.org/wiki/Mistresses_(U.S._TV_series),United Kingdom,United States,{'https://www.imdb.com/title/tt0969007/'},{'https://www.imdb.com/title/tt2295809/'},7.6,1883.0,3.0,7.1,12820.0,4.0
55,Mujeres Asesinas,https://en.wikipedia.org/wiki/Mujeres_Asesinas_(Argentine_TV_series),Killer Women,https://en.wikipedia.org/wiki/Killer_Women,Argentina,United States,{'https://www.imdb.com/title/tt0463404/'},{'https://www.imdb.com/title/tt2657258/'},8.1,409.0,4.0,6.1,2033.0,1.0
56,Not the Nine O'Clock News,https://en.wikipedia.org/wiki/Not_the_Nine_O%27Clock_News,Not Necessarily the News,https://en.wikipedia.org/wiki/Not_Necessarily_the_News,United Kingdom,United States,{'https://www.imdb.com/title/tt0080253/'},{'https://www.imdb.com/title/tt0085065/'},7.9,2278.0,4.0,7.5,426.0,8.0
57,On the Buses,https://en.wikipedia.org/wiki/On_the_Buses,Lotsa Luck,https://en.wikipedia.org/wiki/Lotsa_Luck,United Kingdom,United States,{'https://www.imdb.com/title/tt0063936/'},{'https://www.imdb.com/title/tt0069603/'},7.0,2025.0,7.0,6.6,183.0,1.0
58,One Foot in the Grave,https://en.wikipedia.org/wiki/One_Foot_in_the_Grave,Cosby,https://en.wikipedia.org/wiki/Cosby_(TV_series),United Kingdom,United States,"{'https://www.imdb.com/title/tt0395381/', 'https://www.imdb.com/title/tt0098882/', 'https://www.imdb.com/title/tt0268378/'}",{'https://www.imdb.com/title/tt0115144/'},7.433333333333334,1973.0,,6.3,2334.0,4.0
59,Outrageous Fortune,https://en.wikipedia.org/wiki/Outrageous_Fortune_(TV_series),Scoundrels,https://en.wikipedia.org/wiki/Scoundrels_(TV_series),New Zealand,United States,{'https://www.imdb.com/title/tt0461097/'},{'https://www.imdb.com/title/tt1595860/'},8.3,1947.0,6.0,6.4,726.0,1.0
60,Pop Idol,https://en.wikipedia.org/wiki/Pop_Idol,American Idol,https://en.wikipedia.org/wiki/American_Idol,United Kingdom,United States,{'https://www.imdb.com/title/tt0302163/'},{'https://www.imdb.com/title/tt0319931/'},3.2,208.0,2.0,4.1,21075.0,20.0
61,Porridge,https://en.wikipedia.org/wiki/Porridge_(TV_series),On the Rocks,https://en.wikipedia.org/wiki/On_the_Rocks_(U.S._TV_series),United Kingdom,United States,{'https://www.imdb.com/title/tt0071036/'},{'https://www.imdb.com/title/tt0072553/'},8.2,5596.0,3.0,7.4,59.0,1.0
62,Prime Suspect,https://en.wikipedia.org/wiki/Prime_Suspect,Prime Suspect,https://en.wikipedia.org/wiki/Prime_Suspect_(U.S._TV_series),United Kingdom,United States,{'https://www.imdb.com/title/tt0098898/'},{'https://www.imdb.com/title/tt1582456/'},8.4,6992.0,1.0,7.3,3650.0,1.0
63,Prisoner,https://en.wikipedia.org/wiki/Prisoner_(TV_series),Dangerous Women,https://en.wikipedia.org/wiki/Dangerous_Women_(1991_TV_series),Australia,United States,{'https://www.imdb.com/title/tt0077064/'},{'https://www.imdb.com/title/tt0101072/'},8.2,1740.0,8.0,7.4,110.0,1.0
64,Prisoners of War,https://en.wikipedia.org/wiki/Prisoners_of_War_(TV_series),Homeland,https://en.wikipedia.org/wiki/Homeland_(TV_series),Israel,United States,{'https://www.imdb.com/title/tt1676462/'},{'https://www.imdb.com/title/tt1796960/'},8.4,2207.0,2.0,8.3,321543.0,8.0
65,Queer as Folk,https://en.wikipedia.org/wiki/Queer_as_Folk_(UK_TV_series),Queer as Folk,https://en.wikipedia.org/wiki/Queer_as_Folk_(U.S._TV_series),United Kingdom,United States,{'https://www.imdb.com/title/tt0185102/'},{'https://www.imdb.com/title/tt0262985/'},8.2,6227.0,2.0,8.4,19279.0,5.0
66,Rake (Australian TV series),https://en.wikipedia.org/wiki/Rake_(Australian_TV_series),Rake (U.S. TV series),https://en.wikipedia.org/wiki/Rake_(U.S._TV_series),Australia,United States,{'https://www.imdb.com/title/tt1587000/'},{'https://www.imdb.com/title/tt2515462/'},8.5,6847.0,5.0,6.8,3128.0,1.0
67,Ramsay's Kitchen Nightmares,https://en.wikipedia.org/wiki/Ramsay%27s_Kitchen_Nightmares,Kitchen Nightmares,https://en.wikipedia.org/wiki/Kitchen_Nightmares,United Kingdom,United States,{'https://www.imdb.com/title/tt0409608/'},{'https://www.imdb.com/title/tt0983514/'},7.6,5626.0,6.0,7.5,11667.0,7.0
68,Ramzor,https://en.wikipedia.org/wiki/Ramzor,Traffic Light,https://en.wikipedia.org/wiki/Traffic_Light_(TV_series),Israel,United States,{'https://www.imdb.com/title/tt1405737/'},{'https://www.imdb.com/title/tt1809194/'},8.4,888.0,4.0,7.3,2058.0,1.0
69,Ready Steady Cook,https://en.wikipedia.org/wiki/Ready_Steady_Cook,Ready.. Set... Cook!,https://en.wikipedia.org/wiki/Ready.._Set..._Cook!,United Kingdom,United States,"{'https://www.imdb.com/title/tt0233098/', 'https://www.imdb.com/title/tt0166422/'}",{'https://www.imdb.com/title/tt0344709/'},5.25,99.0,11.0,6.9,20.0,
70,Real Humans,https://en.wikipedia.org/wiki/Real_Humans,Humans,https://en.wikipedia.org/wiki/Humans_(TV_series),Sweden,United States,{'https://www.imdb.com/title/tt2180271/'},{'https://www.imdb.com/title/tt4122068/'},7.9,6153.0,2.0,8.0,37234.0,3.0
71,Robin's Nest,https://en.wikipedia.org/wiki/Robin%27s_Nest,Three's a Crowd,https://en.wikipedia.org/wiki/Three%27s_a_Crowd,United Kingdom,United States,{'https://www.imdb.com/title/tt0075569/'},{'https://www.imdb.com/title/tt0086816/'},6.4,701.0,6.0,5.7,764.0,1.0
72,Scrapheap Challenge,https://en.wikipedia.org/wiki/Scrapheap_Challenge,Junkyard Wars,https://en.wikipedia.org/wiki/Scrapheap_Challenge#US_version,United Kingdom,United States,{'https://www.imdb.com/title/tt0169491/'},{'https://www.imdb.com/title/tt0169491/'},7.5,764.0,11.0,7.5,764.0,11.0
73,Secret Millionaire,https://en.wikipedia.org/wiki/Secret_Millionaire,Secret Millionaire,https://en.wikipedia.org/wiki/Secret_Millionaire,United Kingdom,United States,"{'https://www.imdb.com/title/tt1235101/', 'https://www.imdb.com/title/tt0910472/'}","{'https://www.imdb.com/title/tt1235101/', 'https://www.imdb.com/title/tt0910472/'}",7.1,101.0,10.0,6.3,275.0,3.0
74,Shameless,https://en.wikipedia.org/wiki/Shameless_(UK_TV_series),Shameless,https://en.wikipedia.org/wiki/Shameless_(U.S._TV_series),United Kingdom,United States,"{'https://www.imdb.com/title/tt4393622/', 'https://www.imdb.com/title/tt0377260/'}",{'https://www.imdb.com/title/tt1586680/'},8.0,15542.0,11.0,8.5,212383.0,11.0
75,Sirens,https://en.wikipedia.org/wiki/Sirens_(2011_TV_series),Sirens,https://en.wikipedia.org/wiki/Sirens_(2014_TV_series),United Kingdom,United States,{'https://www.imdb.com/title/tt1942147/'},{'https://www.imdb.com/title/tt2484950/'},8.1,2151.0,1.0,7.8,5901.0,2.0
76,Spitting Image,https://en.wikipedia.org/wiki/Spitting_Image,D.C. Follies,https://en.wikipedia.org/wiki/D.C._Follies,United Kingdom,United States,{'https://www.imdb.com/title/tt0086807/'},{'https://www.imdb.com/title/tt0092334/'},7.4,2140.0,18.0,7.4,99.0,2.0
77,Strictly Come Dancing,https://en.wikipedia.org/wiki/Strictly_Come_Dancing,Dancing with the Stars,https://en.wikipedia.org/wiki/Dancing_with_the_Stars_(U.S._TV_series),United Kingdom,United States,{'https://www.imdb.com/title/tt0411027/'},{'https://www.imdb.com/title/tt0463398/'},6.0,1323.0,18.0,4.7,9333.0,30.0
78,Takeshi's Castle,https://en.wikipedia.org/wiki/Takeshi%27s_Castle,MXC,https://en.wikipedia.org/wiki/Most_Extreme_Elimination_Challenge,Japan,United States,{'https://www.imdb.com/title/tt0375466/'},{'https://www.imdb.com/title/tt0364843/'},8.2,1407.0,1.0,8.7,2934.0,5.0
79,Teachers,https://en.wikipedia.org/wiki/Teachers_(UK_TV_series),Teachers,https://en.wikipedia.org/wiki/Teachers_(2006_TV_series),United Kingdom,United States,{'https://www.imdb.com/title/tt0280330/'},{'https://www.imdb.com/title/tt0494188/'},7.8,3315.0,4.0,6.9,532.0,1.0
80,Thank God You're Here,https://en.wikipedia.org/wiki/Thank_God_You%27re_Here,Thank God You're Here,https://en.wikipedia.org/wiki/Thank_God_You%27re_Here_(U.S._TV_series),Australia,United States,{'https://www.imdb.com/title/tt0809816/'},{'https://www.imdb.com/title/tt0983782/'},7.7,1128.0,4.0,6.1,572.0,1.0
81,The 1900 House,https://en.wikipedia.org/wiki/The_1900_House,Frontier House,https://en.wikipedia.org/wiki/Frontier_House,United Kingdom,United States,{'https://www.imdb.com/title/tt0250838/'},{'https://www.imdb.com/title/tt0320010/'},7.9,336.0,1.0,8.4,468.0,1.0
82,The Chase,https://en.wikipedia.org/wiki/The_Chase_(UK_game_show),The Chase,https://en.wikipedia.org/wiki/The_Chase_(U.S._game_show),United Kingdom,United States,{'https://www.imdb.com/title/tt1502749/'},{'https://www.imdb.com/title/tt3077336/'},7.0,1810.0,14.0,7.4,775.0,5.0
83,The Fall and Rise of Reginald Perrin,https://en.wikipedia.org/wiki/The_Fall_and_Rise_of_Reginald_Perrin,Reggie,https://en.wikipedia.org/wiki/Reggie_(TV_series),United Kingdom,United States,"{'https://www.imdb.com/title/tt0073990/', 'https://www.imdb.com/title/tt0115242/'}",{'https://www.imdb.com/title/tt0085076/'},7.45,907.0,2.0,5.3,20.0,1.0
84,The Inbetweeners,https://en.wikipedia.org/wiki/The_Inbetweeners,The Inbetweeners,https://en.wikipedia.org/wiki/The_Inbetweeners_(U.S._TV_series),United Kingdom,United States,"{'https://www.imdb.com/title/tt1716772/', 'https://www.imdb.com/title/tt1220617/'}",{'https://www.imdb.com/title/tt1798695/'},7.550000000000001,80853.5,,3.0,4327.0,1.0
85,The Krypton Factor,https://en.wikipedia.org/wiki/The_Krypton_Factor,The Krypton Factor,https://en.wikipedia.org/wiki/The_Krypton_Factor_(U.S._game_show),United Kingdom,United States,"{'https://www.imdb.com/title/tt0235127/', 'https://www.imdb.com/title/tt1333810/'}",{'https://www.imdb.com/title/tt0198166/'},6.55,55.5,10.0,6.8,21.0,
86,The Million Pound Drop,https://en.wikipedia.org/wiki/The_Million_Pound_Drop,Million Dollar Money Drop,https://en.wikipedia.org/wiki/Million_Dollar_Money_Drop,United Kingdom,United States,{'https://www.imdb.com/title/tt1770445/'},{'https://www.imdb.com/title/tt1770087/'},5.8,91.0,5.0,5.4,79.0,1.0
87,The Million Pound Drop Live,https://en.wikipedia.org/wiki/The_%C2%A3100K_Drop,Million Dollar Money Drop,https://en.wikipedia.org/wiki/Million_Dollar_Money_Drop,United Kingdom,United States,{'https://www.imdb.com/title/tt1770445/'},{'https://www.imdb.com/title/tt1770087/'},5.8,91.0,5.0,5.4,79.0,1.0
88,The Office,https://en.wikipedia.org/wiki/The_Office_(UK_TV_series),The Office,https://en.wikipedia.org/wiki/The_Office_(U.S._TV_series),United Kingdom,United States,{'https://www.imdb.com/title/tt0290978/'},{'https://www.imdb.com/title/tt0386676/'},8.5,102050.0,3.0,8.9,450025.0,9.0
89,The Returned,https://en.wikipedia.org/wiki/Les_Revenants_(TV_series),The Returned,https://en.wikipedia.org/wiki/The_Returned_(U.S._TV_series),France,United States,{'https://www.imdb.com/title/tt2521668/'},{'https://www.imdb.com/title/tt3230780/'},8.1,19764.0,2.0,7.1,11544.0,1.0
90,The Secret Millionaire,https://en.wikipedia.org/wiki/The_Secret_Millionaire,Secret Millionaire,https://en.wikipedia.org/wiki/The_Secret_Millionaire#US_version,United Kingdom,United States,"{'https://www.imdb.com/title/tt1235101/', 'https://www.imdb.com/title/tt0910472/'}","{'https://www.imdb.com/title/tt1235101/', 'https://www.imdb.com/title/tt0910472/'}",7.1,101.0,10.0,6.3,275.0,3.0
91,The Slap,https://en.wikipedia.org/wiki/The_Slap_(TV_series),The Slap,https://en.wikipedia.org/wiki/The_Slap_(U.S._miniseries),Australia,United States,{'https://www.imdb.com/title/tt1823011/'},{'https://www.imdb.com/title/tt3476576/'},7.6,2425.0,1.0,6.1,3341.0,1.0
92,The Tomorrow People,https://en.wikipedia.org/wiki/The_Tomorrow_People,The Tomorrow People (U.S. TV series),https://en.wikipedia.org/wiki/The_Tomorrow_People_(U.S._TV_series),United Kingdom,United States,"{'https://www.imdb.com/title/tt2660734/', 'https://www.imdb.com/title/tt0069647/', 'https://www.imdb.com/title/tt0103568/'}",{'https://www.imdb.com/title/tt2660734/'},7.35,495.0,5.5,7.2,34570.0,1.0
93,The Weakest Link,https://en.wikipedia.org/wiki/The_Weakest_Link_(UK_game_show),Weakest Link,https://en.wikipedia.org/wiki/The_Weakest_Link_(U.S._game_show),United Kingdom,United States,{'https://www.imdb.com/title/tt0268862/'},"{'https://www.imdb.com/title/tt0326712/', 'https://www.imdb.com/title/tt0281521/', 'https://www.imdb.com/title/tt12688394/'}",5.6,1612.0,13.0,6.033333333333334,583.6666666666666,2.0
94,The Worst Week of My Life,https://en.wikipedia.org/wiki/The_Worst_Week_of_My_Life,Worst Week,https://en.wikipedia.org/wiki/Worst_Week,United Kingdom,United States,{'https://www.imdb.com/title/tt0401995/'},{'https://www.imdb.com/title/tt1197632/'},8.0,1704.0,3.0,7.6,2494.0,1.0
95,The X Factor,https://en.wikipedia.org/wiki/The_X_Factor_(UK_TV_series),The X Factor,https://en.wikipedia.org/wiki/The_X_Factor_(U.S._TV_series),United Kingdom,United States,{'https://www.imdb.com/title/tt0423776/'},{'https://www.imdb.com/title/tt1582461/'},4.4,4493.0,18.0,5.0,5774.0,3.0
96,The X Factor,https://en.wikipedia.org/wiki/The_X_Factor_(UK),The X Factor,https://en.wikipedia.org/wiki/The_X_Factor_(US),United Kingdom,United States,{'https://www.imdb.com/title/tt0423776/'},{'https://www.imdb.com/title/tt1582461/'},4.4,4493.0,18.0,5.0,5774.0,3.0
97,The Young Person's Guide to Becoming a Rock Star,https://en.wikipedia.org/wiki/The_Young_Person%27s_Guide_to_Becoming_a_Rock_Star,My Guide to Becoming a Rock Star[5],https://en.wikipedia.org/wiki/My_Guide_to_Becoming_a_Rock_Star,United Kingdom,United States,{'https://www.imdb.com/title/tt0178167/'},{'https://www.imdb.com/title/tt0285416/'},8.2,261.0,1.0,7.8,65.0,1.0
98,This Life,https://en.wikipedia.org/wiki/This_Life_(1996_TV_series),First Years[4],https://en.wikipedia.org/wiki/First_Years,United Kingdom,United States,{'https://www.imdb.com/title/tt0115390/'},{'https://www.imdb.com/title/tt0278195/'},8.5,2126.0,2.0,6.4,27.0,1.0
99,Thomas & Friends,https://en.wikipedia.org/wiki/Thomas_%26_Friends,Shining Time Station,https://en.wikipedia.org/wiki/Shining_Time_Station,United Kingdom,United States,{'https://www.imdb.com/title/tt0086815/'},{'https://www.imdb.com/title/tt0098910/'},6.6,4063.0,25.0,7.9,611.0,3.0
100,Till Death Us Do Part,https://en.wikipedia.org/wiki/Till_Death_Us_Do_Part,All in the Family,https://en.wikipedia.org/wiki/All_in_the_Family,United Kingdom,United States,{'https://www.imdb.com/title/tt0060035/'},"{'https://www.imdb.com/title/tt0509928/', 'https://www.imdb.com/title/tt0066626/'}",7.3,832.0,7.0,9.2,192.0,
101,Top Gear,https://en.wikipedia.org/wiki/Top_Gear_(2002_TV_series),Top Gear,https://en.wikipedia.org/wiki/Top_Gear_(U.S._TV_series),United Kingdom,United States,{'https://www.imdb.com/title/tt1628033/'},{'https://www.imdb.com/title/tt1657260/'},8.6,110923.0,30.0,5.4,5839.0,6.0
102,Two's Company,https://en.wikipedia.org/wiki/Two%27s_Company_(British_TV_series),The Two of Us,https://en.wikipedia.org/wiki/The_Two_of_Us_(1981_TV_series),United Kingdom,United States,{'https://www.imdb.com/title/tt0072577/'},{'https://www.imdb.com/title/tt0081953/'},8.0,213.0,4.0,7.2,45.0,2.0
103,Undercover Boss,https://en.wikipedia.org/wiki/Undercover_Boss_(UK_TV_series),Undercover Boss,https://en.wikipedia.org/wiki/Undercover_Boss_(U.S._TV_series),United Kingdom,United States,{'https://www.imdb.com/title/tt1717534/'},{'https://www.imdb.com/title/tt1442553/'},6.0,71.0,6.0,5.8,3253.0,10.0
104,"Upstairs, Downstairs","https://en.wikipedia.org/wiki/Upstairs,_Downstairs_(1971_TV_series)",Beacon Hill,https://en.wikipedia.org/wiki/Beacon_Hill_(TV_series),United Kingdom,United States,{'https://www.imdb.com/title/tt0066722/'},{'https://www.imdb.com/title/tt0072474/'},8.4,2805.0,5.0,7.4,42.0,1.0
105,Utopia,https://en.wikipedia.org/wiki/Utopia_(British_TV_series),Utopia,https://en.wikipedia.org/wiki/Utopia_(2020_TV_series),United Kingdom,United States,{'https://www.imdb.com/title/tt2384811/'},{'https://www.imdb.com/title/tt8303474/'},8.4,42866.0,2.0,6.7,11573.0,1.0
106,What Not to Wear,https://en.wikipedia.org/wiki/What_Not_to_Wear_(UK_TV_series),What Not to Wear,https://en.wikipedia.org/wiki/What_Not_to_Wear_(U.S._TV_series),United Kingdom,United States,{'https://www.imdb.com/title/tt0343320/'},{'https://www.imdb.com/title/tt0393009/'},5.8,203.0,3.0,6.8,1762.0,12.0
107,White Van Man,https://en.wikipedia.org/wiki/White_Van_Man_(TV_series),Family Tools,https://en.wikipedia.org/wiki/Family_Tools,United Kingdom,United States,{'https://www.imdb.com/title/tt1711422/'},{'https://www.imdb.com/title/tt2245283/'},6.9,539.0,2.0,5.5,617.0,1.0
108,Who Do You Think You Are?,https://en.wikipedia.org/wiki/Who_Do_You_Think_You_Are%3F_(UK_TV_series),Who Do You Think You Are?,https://en.wikipedia.org/wiki/Who_Do_You_Think_You_Are%3F_(U.S._TV_series),United Kingdom,United States,{'https://www.imdb.com/title/tt0429466/'},{'https://www.imdb.com/title/tt1365047/'},8.0,937.0,17.0,8.1,1283.0,12.0
109,Who Wants to Be a Millionaire?,https://en.wikipedia.org/wiki/Who_Wants_to_Be_a_Millionaire%3F_(UK_game_show),Who Wants to Be a Millionaire,https://en.wikipedia.org/wiki/Who_Wants_to_Be_a_Millionaire_(U.S._game_show),United Kingdom,United States,"{'https://www.imdb.com/title/tt0166064/', 'https://www.imdb.com/title/tt0370060/'}","{'https://www.imdb.com/title/tt0321019/', 'https://www.imdb.com/title/tt0412256/', 'https://www.imdb.com/title/tt0211178/'}",7.05,1007.0,,6.433333333333334,1618.3333333333333,8.0
110,Who Wants to Be a Millionaire? (UK game show),https://en.wikipedia.org/wiki/Who_Wants_to_Be_a_Millionaire%3F_(UK_game_show),Who Wants to Be a Millionaire (US game show),https://en.wikipedia.org/wiki/Who_Wants_to_Be_a_Millionaire_(US_game_show),United Kingdom,United States,"{'https://www.imdb.com/title/tt0166064/', 'https://www.imdb.com/title/tt0370060/'}","{'https://www.imdb.com/title/tt0321019/', 'https://www.imdb.com/title/tt0412256/', 'https://www.imdb.com/title/tt0211178/'}",7.05,1007.0,,6.433333333333334,1618.3333333333333,8.0
111,Whose Line Is It Anyway?,https://en.wikipedia.org/wiki/Whose_Line_Is_It_Anyway%3F_(UK_TV_series),Whose Line Is It Anyway?,https://en.wikipedia.org/wiki/Whose_Line_Is_It_Anyway%3F_(U.S._TV_series),United Kingdom,United States,{'https://www.imdb.com/title/tt0094580/'},{'https://www.imdb.com/title/tt0163507/'},8.2,5374.0,10.0,8.5,40794.0,8.0
112,Wild at Heart,https://en.wikipedia.org/wiki/Wild_at_Heart_(UK_TV_series),Life Is Wild,https://en.wikipedia.org/wiki/Life_Is_Wild,United Kingdom,United States,{'https://www.imdb.com/title/tt0757127/'},{'https://www.imdb.com/title/tt0938853/'},7.4,1300.0,8.0,6.8,501.0,1.0
113,Wilfred (Australian TV series),https://en.wikipedia.org/wiki/Wilfred_(Australian_TV_series),Wilfred (U.S. TV series),https://en.wikipedia.org/wiki/Wilfred_(U.S._TV_series),Australia,United States,{'https://www.imdb.com/title/tt0899203/'},{'https://www.imdb.com/title/tt1703925/'},7.9,2828.0,2.0,7.8,40552.0,4.0
114,"Yo soy Betty, la fea","https://en.wikipedia.org/wiki/Yo_soy_Betty,_la_fea",Ugly Betty,https://en.wikipedia.org/wiki/Ugly_Betty,Colombia,United States,{'https://www.imdb.com/title/tt0233127/'},{'https://www.imdb.com/title/tt0805669/'},8.2,2733.0,1.0,6.5,41229.0,4.0
115,Ã˜yevitne,https://en.wikipedia.org/wiki/%C3%98yevitne,Eyewitness (U.S. TV series),https://en.wikipedia.org/wiki/Eyewitness_(U.S._TV_series),Norway,United States,{'https://www.imdb.com/title/tt2750688/'},{'https://www.imdb.com/title/tt5369352/'},7.4,1543.0,1.0,7.7,4876.0,1.0
